ID,Title
17643,"L'Importanza delle Vaccinazioni nei Cani: Proteggere la Salute del Tuo Fedele Compagno"
17645,"Dimensione dei cani: un fattore determinante quando si tratta di scegliere un cane come compagno"
17647,"Esplorando il Temperamento: Confronto tra le Diverse Razze Canine"
17649,"Confronto dei livelli di energia: Scopri quale razza di cane si adatta meglio al tuo stile di vita attivo!"
17651,"Pelliccia e Cura del Mantello: Una Comparazione tra Diverse Razze Canine"
17653,"La tendenza a spargere pelo: una comparazione tra varie razze di cani"
17655,"Alcuni Trattamenti Naturali per il Cancro nei Cani"
17657,"Quando il tuo cane ingerisce l'edera velenosa"
17659,"Come far sentire a proprio agio il nuovo cane a casa tua"
17661,"Cane e Gatti: Strategie per una Convivenza Armoniosa"
17663,"La cura del pelo del cane: 7 consigli  per un mantello sano e splendente"
17665,"Prevenire incidenti domestici con cani: consigli pratici per un ambiente sicuro"
17667,"Cane e problemi digestivi: una guida completa per la salute intestinale del tuo amico a quattro zampe"
17669,"Cane e Nutrizione Avanzata: Salute e il Benessere del nostro cane"
17671,"Espandere l'intelletto e il divertimento: l'importanza dei giochi interattivi per i cani"
17673,"L'importanza dei cani nell'assistenza ai problemi visivi: un legame che va oltre la vista"
17675,"Cane e Comportamento Aggressivo: Un'Analisi Approfondita dei Fattori e delle Soluzioni"
17677,"Cane e problemi respiratori: Un'analisi approfondita dei disturbi respiratori nei cani e le loro implicazioni"
17679,"L'influenza positiva dei cani sulla salute cardiaca: una prospettiva dettagliata"
17681,"Il Cane come Supporto Psicologico: Un Legame Empatico e Terapeutico"
17683,"Allergie crociate nei cani: un'indagine approfondita sul tema"
17685,"I benefici della corsa con il cane e gli accessori essenziali"
17686,"L'allevamento: è importante scegliere un cane da un allevatore responsabile"
17688,"Non Vuole Uscire? Scopri le Ragioni e le Soluzioni per Cani Casalinghi!"
17690,"Emergenza Cane: Non Fa la Cacca? Cause, Sintomi e Rimedi!"
17692,"Stop ai Guai: Soluzioni Pratiche per Prevenire i Danni Domestici Causati dal Tuo Cane!"
17694,"Mistero Svelato: Perché i Cani si Annusano il Sedere?"
17696,"Lingua Fuori Posto: Perché il Tuo Cane si Lecca Costantemente e Cosa Fare!"
17698,"Vita Media del Cane: Fattori che Influenzano la Longevità del Tuo Amico"
17700,"Tosare il Pelo del Cane: Tecniche e Consigli per una Toelettatura Perfetta"
17702,"Avvicinarsi al Cane: Come Fare in Modo Sicuro e Amichevole"
17704,"Adaptil: La Soluzione per Tranquillizzare il Tuo Cane Ansioso"
17706,"Il Cane si Gratta Continuamente: Cause e Rimedi"
17708,"Il Cane Vomita: Cause Comuni e Quando Preoccuparsi"
17710,"Ernia del Disco nel Cane: Sintomi, Diagnosi e Trattamenti"
17712,"I Cani Fiutano il Diabete: Scopri Come Aiutano i Pazienti"
17715,"Origini dei Cani: Un Viaggio nella Storia del Miglior Amico dell'Uomo"
17716,"Cane e Natale: Consigli per una Festa Sicura e Felice"
17718,"Cani all'Estero: Guida per Viaggiare con il Tuo Amico Peloso"
17720,"Naso Asciutto nel Cane: Quando Preoccuparsi?"
17722,"Lasciare il Cane Solo in Giardino: Pro e Contro"
17724,"Cani in Macchina: Sicurezza e Consigli per Viaggiare Sereni"
17726,"Cani Legati a Catena: Gli Effetti Psicologici e Fisici"
17728,"Avvelenamento nei Cani: Sintomi, Primo Soccorso e Prevenzione"
17730,"Cani Smarriti: Come Prevenire e Cosa Fare in Caso di Smarrimento"
17732,"Fuochi d'Artificio e Cani: Come Gestire l'Ansia e il Terrore"
17734,"Cani Bagnini: Eroi a Quattro Zampe che Salvano Vite"
17735,"Dog Flipping: Un Fenomeno Preoccupante nel Mondo dei Cani"
17737,"Alcuni fatti storici riguardanti i cani"
17739,"L'interpretazione artistica dei cani dalle origini ad oggi: Un'esplorazione storica e culturale"
17741,"Capire il Manto Canino: Guida alle Diverse Tipologie e Lunghezze del Pelo del Cane"
17743,"L'Importanza dell'Omega-3 nella Dieta del Cane: Un Elemento Cruciale per la Salute e il Benessere"
17745,"L'Intelligenza Artificiale e il Mondo dei Cani: Un Nuovo Orizzonte di Possibilità"
17747,"Guida Completa ai Collari per Cani: Trova il Migliore per il Tuo Amico a Quattro Zampe"
17749,"L'Arte di Insegnare al Tuo Cane a Mantenersi Pulito Dopo la Passeggiata"
17751,"Segreti Sonori: Svelati i Misteri dell'Udito Canino e il Loro Sorprendente Mondo di Suoni e Melodie"
17753,"Analisi Comportamentale: Il Significato dello Sbuffo nei Cani"
17755,"10 Razze di Cani Ideali per Famiglie con Bambini: La Lista Definitiva del 2024"
17757,"Allergie Primaverili nei Cani: Come Riconoscerle e Trattarle"
17758,"I Migliori Parchi Canini in Italia: Dove Portare il Tuo Amico a Quattro Zampe"
17760,"Salute Canina: Le Vaccinazioni Essenziali per il Tuo Cane"
17762,"La salute intestinale: Il fulcro del benessere del cane"
17764,"Lesioni ai legamenti del ginocchio nei cani e tutori ortopedici"
17766,"Tecnologia e Innovazione: Come la Tecnologia Supporta i Cani Domestici"
17768,"Quello che nessuno ti dice per la cura del tuo amico a 4 zampe"
17771,"Preparazione Invernale: Come Prendersi Cura del Tuo Cane Durante i Mesi Freddi"
17773,"Cani in Casa: Consigli e Suggerimenti per una Convivenza Armoniosa"
17775,"Allergie primaverili nei cani: sintomi, cause e rimedi"
17776,"Guida Essenziale al Benessere del Tuo Cane"
17778,"Cura e Felicità per il Tuo Cane"
17780,"Cani e Freddo Invernale: Guida Completa"
17782,"L'importanza della corretta alimentazione per il tuo cane"
17784,"Gestire le Allergie Alimentari nei Cani"
17786,"Come Educare un Cucciolo Timido"
17788,"Cani e freddo: consigli per il benessere"
17790,"Il Potere delle Piante Aromatiche"
17792,"Educare al Contatto attraverso il Tocco Consapevole"
17794,"Tecniche di rilassamento per il tuo cane"
17796,"Stimola il Tuo Cane con Attività Educative"
17798,"Riscoprire il Comfort per il Tuo Cane"
17800,"Tecniche di massaggio rilassante per cani"
17802,"Pet Therapy per Gestire Stress e Ansia in Casa"
17804,"Guida alla scelta del trasportino per cani"
17805,"Come Sostenere un Canile Senza Adottare"
17807,"Gestire il cane in spiaggia con successo"
17809,"Agility Dog Benefici e Come Iniziare"
17811,"Le 10 razze canine perfette per famiglie"
17813,"Malattie ereditarie comuni nelle razze canine"
17815,"Kit di Emergenza per Viaggiare con Fido"
17817,"Socializzazione del Cucciolo Errori da Evitare"
17819,"Diete Speciali per Cani Anziani e Malati"
17820,"Come Scegliere un Allevamento Serio ed Etico"
17822,"Giocattoli Intelligenti per Cani"
17824,"Insegnare i comandi base al tuo cane"
17826,"Insegnare al cane a non tirare al guinzaglio"
17827,"Allergie alimentari e cutanee come individuarle"
17829,"Cani da soccorso come vengono addestrati"
17831,"Volare con il cane le regole delle aeree"
17832,"Migliori destinazioni pet-friendly in Italia"
17834,"Rimedi per la pulizia degli occhi"
17836,"Il cane nelle fiabe tradizionali europee"
17838,"Come proteggere il tuo cane dal traffico illegale"
17840,"Scodinzolio lento o veloce? Il vero linguaggio del cane"
17842,"Gruppi Facebook Adozioni Cani: Verità Nascoste"
17844,"Cuccia perfetta: luce naturale e benessere del cane"
17846,"Understanding Your Dog's Backturn: Trust or Discomfort?"
17848,"Cani e suoni digitali: come reagiscono in modo diverso"
17850,"10 Romanzi da Leggere per Amanti dei Cani"
17852,"Migliora il Comfort per il Tuo Cane Anziano"
17854,"Adattare la Smart Home per Cani Ansiosi"
17856,"Comportamenti alimentari e HR: Lezioni per Recruiter"
17858,"Come i cani vedono il mondo domestico"
17860,"Elimina Gli Odori Del Cane Con Metodi Naturali"
17862,"Guida alla Scelta e Adattamento del Cane"
17864,"Vomito Mattutino nei Cani: Cause e Rimedi Utili"
17866,"Come asciugare il cane dopo la pioggia senza errori"
17868,"Monitoraggio Automatico della Postura del Cane per la Prevenzione Ortopedica"
17870,"Come rendere più attivo un cane pigro: strategie efficaci per stimolare energia e benessere"
17872,"Sonno polifasico nei cani e strategie per recruitment efficiente"
17874,"Capire il sonno polifasico del cane per il benessere quotidiano"
17876,"Sogni canini e benessere come riconoscere i segnali nel sonno"
17878,"Tecniche efficaci per il telelavoro con il cane e gestire le interruzioni"
17880,"La cucina casalinga per cani pigri: ricette veloci, nutrienti e a prova di zampe impazienti"
17882,"Il profumo del cane come indicatore della sua salute"
17884,"Bulldog Francese vita indoor consigli per convivere al meglio"
17886,"Addestrare il Cane al Richiamo per un Comando Sicuro e Affidabile"
17888,"Perché è importante asciugare bene il cane dopo una passeggiata sotto la pioggia"
